Ticker,Date,ESG,Return,Size,Lev,BTM,Commodity,ESG_lag1
AGL.JO,31/01/2014,50.59970653660494,0.18275000724347065,1.9639878836228102,0.3993292420985183,0.5340279606636548,1733.991780504304,
AGL.JO,28/02/2014,33.19459866925097,0.15316165102122728,1.7022300234864176,0.4540362888980227,0.33087674144370366,2954.8647782429916,50.59970653660494
AGL.JO,31/03/2014,75.7843452440232,-0.075681311,0.8636499344142012,0.19170225492671691,0.7563633644393066,2287.1346474483566,33.19459866925097
AGL.JO,30/04/2014,53.75697602531636,-0.048069801,1.723705789444759,0.16974693032602092,0.7382169728028272,2049.5427649405374,75.7843452440232
AGL.JO,31/05/2014,55.08384913193697,0.12481158648755472,0.8993475643167195,0.35711721920680584,1.1886218532930637,1569.6756190799965,53.75697602531636
AGL.JO,30/06/2014,63.41496685457911,-0.090316557,0.630103185970559,0.5744427686266667,1.748448049611839,2712.596022174692,55.08384913193697
AGL.JO,31/07/2014,46.753757304535384,-0.11581476,1.8684660530243138,0.32007624686980063,0.4830573522671682,2242.765365166905,63.41496685457911
AGL.JO,31/08/2014,31.89136866133701,0.1682621407275737,1.0175599632000338,0.43126114217699096,0.7675666141341164,2280.102031766716,46.753757304535384
AGL.JO,30/09/2014,60.069065363880384,-0.085300941,2.439169255529117,0.48756641168055725,1.7092484123462837,2842.2410256414732,31.89136866133701
AGL.JO,31/10/2014,62.88449883460968,0.1726559822580909,0.676985004103839,0.1979914312095726,0.3678409333658071,1987.9954961448966,60.069065363880384
AGL.JO,30/11/2014,51.37725093292151,-0.055027839,2.1574750183038587,0.2783766633467947,0.7214017645310711,2314.044124737373,62.88449883460968
AGL.JO,31/12/2014,37.75083237361194,0.1307689432639139,0.6491012873595416,0.5934434683002586,1.4583671539449863,1798.0735223012587,51.37725093292151
AGL.JO,31/01/2015,30.30371644179813,0.13541149995919197,1.9137146876952342,0.46450358402049363,1.4569055200289187,1611.0669776011355,37.75083237361194
AGL.JO,28/02/2015,49.715615069935,-0.109445829,2.2262068517511873,0.41164906341377894,0.7963470372789738,1595.3375254290354,30.30371644179813
AGL.JO,31/03/2015,47.10402769436142,-0.036185837,1.9592123566761281,0.4187787356776066,1.6308191138644899,2208.322387742924,49.715615069935
AGL.JO,30/04/2015,36.57768352660659,0.09963567552804825,2.021570097233795,0.38063859878474815,1.4564507699318414,2240.693394546586,47.10402769436142
AGL.JO,31/05/2015,58.75030561600967,-0.000360644,0.5508382534881904,0.15394571349665223,0.34714377853010137,2454.6156168956704,36.57768352660659
AGL.JO,30/06/2015,47.28957895919797,0.027999741907645953,2.3151329478521863,0.22464611457443748,0.9155743845534445,2633.3267078145727,58.75030561600967
AGL.JO,31/07/2015,42.58389910203924,-0.123057032,1.079502905827536,0.18061064362700222,1.6945464785138598,2712.1805693466254,47.28957895919797
AGL.JO,31/08/2015,64.83720660807329,0.1550112065657012,2.1073441537982287,0.19328502944301792,1.6388384977349666,2309.013362873476,42.58389910203924
AGL.JO,30/09/2015,74.40920853402343,0.1636319549732226,1.1360069499437278,0.15502596226383838,0.6419027438129126,2140.6616829393843,64.83720660807329
AGL.JO,31/10/2015,74.99081212573712,0.1512557041397202,0.5139042610623814,0.35537365128878284,0.9261165047231685,1833.1617157060955,74.40920853402343
AGL.JO,30/11/2015,36.59259520335255,-0.03183469,2.3858194078250383,0.2616014660103776,1.0781859326150491,2554.528438342767,74.99081212573712
AGL.JO,31/12/2015,49.99962813086117,0.19012372895233623,2.4248945898842225,0.22589114791268208,1.045872758838578,1951.3174647251544,36.59259520335255
AGL.JO,31/01/2016,45.66622719076072,-0.137089568,1.7191286679597937,0.3513395116144308,0.377218126874984,1917.9696963549172,49.99962813086117
AGL.JO,29/02/2016,79.95462372816596,-0.066153338,0.7897897441824462,0.34472638013878154,1.778475681165901,1863.0829072672507,45.66622719076072
AGL.JO,31/03/2016,66.96745510732332,0.11656686536505115,0.9752750879847993,0.46410817430592977,0.8516746990788799,2448.4587458903693,79.95462372816596
AGL.JO,30/04/2016,64.84413409184921,0.03752113942616547,0.6805795401088166,0.517651247794619,0.7811700974576037,1779.7777655997813,66.96745510732332
AGL.JO,31/05/2016,32.242632785512015,0.056812530115884635,1.8551287236845648,0.10829391446392808,1.0681395874489215,1839.7436627969068,64.84413409184921
AGL.JO,30/06/2016,65.48450347251975,-0.08897175,1.881875476204932,0.2933676731502687,1.7050949831051019,1706.2814162189898,32.242632785512015
AGL.JO,31/07/2016,48.758649307764216,-0.110284268,2.3493872365571256,0.5386696766904905,0.6869124415727335,2489.9760690512685,65.48450347251975
AGL.JO,31/08/2016,74.94722101106687,0.04432028405981181,1.559301156712013,0.22092614545022585,0.4396541517088488,2845.8236369299902,48.758649307764216
AGL.JO,30/09/2016,79.52299314398317,0.07158551004564376,1.1780595820974014,0.2746047873063304,1.388933518305359,2845.665389928866,74.94722101106687
AGL.JO,31/10/2016,78.78975333458145,0.12295644105016831,1.7840632923085755,0.14206998249752442,0.5424430711419206,2847.831282790619,79.52299314398317
AGL.JO,30/11/2016,63.35359828127745,-0.146781032,0.7029430857320642,0.4317508845540279,0.307592375769328,1741.212077126248,78.78975333458145
AGL.JO,31/12/2016,60.18035841516223,0.09216331919244264,1.803922519005201,0.2121346547302799,1.368268832021304,1855.8736312452002,63.35359828127745
AGL.JO,31/01/2017,47.89698339875973,0.11127199179130845,1.7992657980944293,0.524611705247089,1.2864193384505151,2352.462905003207,60.18035841516223
AGL.JO,28/02/2017,35.152112230545086,-0.021299469,1.030404735363451,0.2219948216895418,1.7595158321286684,2089.6465870001407,47.89698339875973
AGL.JO,31/03/2017,79.06256053474124,0.07089851909904199,2.089622607083297,0.3513185465525961,1.1653558269395388,2238.776540728296,35.152112230545086
AGL.JO,30/04/2017,40.738364328892445,0.10285824034152688,1.0615447248817116,0.11215798321572693,1.2682084438607517,1765.6660191105734,79.06256053474124
AGL.JO,31/05/2017,81.72522213941028,0.1838750019509056,2.329728780440897,0.28507935012772223,0.32318492479330113,2892.4778438815883,40.738364328892445
AGL.JO,30/06/2017,53.55012815745229,0.18832918666528434,2.4272399541785057,0.5265047277336801,0.7416733381043785,2077.6465929028877,81.72522213941028
AGL.JO,31/07/2017,76.81251693342713,-0.039077298,0.838985493372185,0.3784006312291751,1.7042321612411715,2544.0446950124597,53.55012815745229
AGL.JO,31/08/2017,61.35336435491507,-0.115988227,1.7300144533983395,0.5950269250521316,0.510126022854786,2277.494478545605,76.81251693342713
AGL.JO,30/09/2017,78.25551895603755,0.10926901621397153,1.894031481990536,0.45124204199355467,0.8392367268296328,1940.38776639674,61.35336435491507
AGL.JO,31/10/2017,74.51486355131826,0.13353968813771325,2.2341446371602074,0.5566202762782356,1.0670135982914066,2252.2744420307995,78.25551895603755
AGL.JO,30/11/2017,73.90623484317263,0.07748737577221779,1.9039337545154067,0.4978963347180505,1.6350080127263495,2006.9927352773038,74.51486355131826
AGL.JO,31/12/2017,50.65706239519692,-0.117106321,1.656560281992348,0.11797113689837105,0.9983970271986902,2313.966952061365,73.90623484317263
AGL.JO,31/01/2018,45.75976886705564,0.05679164119915375,0.5610004998780989,0.11867409437460721,1.5339008409894874,2040.2859621168943,50.65706239519692
AGL.JO,28/02/2018,36.98832819585366,0.032785141019181535,2.0399871061972217,0.2079105137484216,1.2343357137285005,1628.021197490652,45.75976886705564
AGL.JO,31/03/2018,32.842494664273424,0.03597412104885178,1.581270243220213,0.41871495074910325,1.3891370005839925,2963.778119193802,36.98832819585366
AGL.JO,30/04/2018,58.396519156565745,-0.036965234,2.090372389537407,0.23541612563103712,0.9584571310584542,1617.684572013399,32.842494664273424
AGL.JO,31/05/2018,31.39429088785016,0.18692694513727373,2.1719602410244114,0.44798710304684897,0.9134294166214048,1759.9414801062687,58.396519156565745
AGL.JO,30/06/2018,38.604037346909735,-0.062414986,1.598453329412241,0.4572979613500312,1.2902960650765969,1919.9008454189143,31.39429088785016
AGL.JO,31/07/2018,82.51759043647567,0.10826392084351896,1.6087081050228014,0.40586037311717615,0.9294000936416849,1871.5964842517362,38.604037346909735
AGL.JO,31/08/2018,49.578497325819384,0.11524613866252917,0.5287869772595117,0.15803632025345812,0.3690039630326291,1561.0932034784553,82.51759043647567
AGL.JO,30/09/2018,77.05033212060539,0.09628025078300828,1.4483476581746504,0.14891708032550074,1.0374238126752486,2210.2076561708486,49.578497325819384
AGL.JO,31/10/2018,39.526102845050836,0.001848077233290557,1.2970094687947469,0.40792504902610827,1.2526404763014658,1567.9560146580668,77.05033212060539
AGL.JO,30/11/2018,50.603693804455915,0.06905097049998271,1.5062725171601754,0.5282449205941612,1.2880404474284175,1744.4016406221444,39.526102845050836
AGL.JO,31/12/2018,33.88128110702364,0.07484674737221045,0.5530226210832436,0.3928877906367316,1.7103453621374365,2363.2112668138184,50.603693804455915
AGL.JO,31/01/2019,51.349345941358706,0.0751508764548236,1.4165057809830333,0.37280839465796745,1.7121972131647878,2079.1539567011614,33.88128110702364
AGL.JO,28/02/2019,82.86548101031528,0.1668727246846223,0.8915822695785929,0.13468065043758273,0.45116700206613997,1527.3327384773245,51.349345941358706
AGL.JO,31/03/2019,35.194362841576066,0.08905237069572489,0.642377296920458,0.2594878151468807,1.5673129664541818,1534.9079036037388,82.86548101031528
AGL.JO,30/04/2019,74.79576654239148,-0.051350829,0.7363296552433125,0.44836858268207536,1.243414270169826,2816.2080202905795,35.194362841576066
AGL.JO,31/05/2019,70.4289074092137,0.13121832563469701,1.064069145142613,0.18871977188986142,1.4259221274612874,2710.252108900896,74.79576654239148
AGL.JO,30/06/2019,84.47778281003704,-0.005583813,1.2440361715855663,0.48820648037099845,0.8112053103795267,2896.1359884053472,70.4289074092137
AGL.JO,31/07/2019,77.21270135136565,0.00014790958125640574,2.0017421355829947,0.4772714370423412,0.4546858032538989,2853.82936001935,84.47778281003704
AGL.JO,31/08/2019,57.788880484632145,0.13926011313770956,1.1400992020612235,0.5477616142481002,0.8838025181012448,1516.2564772204476,77.21270135136565
AGL.JO,30/09/2019,79.7960087030595,-0.118049663,1.1386272751808297,0.5750309835254025,1.7259107204063342,2360.156832184929,57.788880484632145
AGL.JO,31/10/2019,64.75104666933896,0.006955932692411904,1.086421543396129,0.26433227268495796,1.3087776841155576,2628.56179415652,79.7960087030595
AGL.JO,30/11/2019,73.53684740492167,0.12636634997809384,0.6824122060973807,0.3472101523512907,0.3863381400249664,2324.293323485603,64.75104666933896
AGL.JO,31/12/2019,54.284177575535736,0.1606964639654049,1.2018300251041574,0.15853350821380294,0.5144875230792538,2642.2659475762084,73.53684740492167
AGL.JO,31/01/2020,64.00199348239437,-0.114607063,0.6682136122299949,0.45048456572955997,0.4091445095462903,2732.790088935534,54.284177575535736
AGL.JO,29/02/2020,68.84332249360729,-0.121527927,0.6696754281703838,0.5933197892505877,0.8614061936341806,2055.963220600336,64.00199348239437
AGL.JO,31/03/2020,74.70397619916264,0.18153700208435056,2.472002127645742,0.4766890926294708,0.8643893782963736,1625.2510750480033,68.84332249360729
AGL.JO,30/04/2020,72.74308037600903,0.04544148740753176,1.3484440184939526,0.553177192547368,0.466796223459227,2238.9376564362888,74.70397619916264
AGL.JO,31/05/2020,30.62445046220805,0.014031224697944183,0.6126065513636747,0.15940895813403597,0.4762893701656573,2473.815453174095,72.74308037600903
AGL.JO,30/06/2020,71.03246835959828,0.05417906778400586,2.424345096949084,0.28743528976185206,0.728568129422791,2802.8986922841905,30.62445046220805
AGL.JO,31/07/2020,42.2977711185699,0.18712788880421397,0.5243089493796327,0.5849394133538195,0.36473986792586416,2836.714670547107,71.03246835959828
AGL.JO,31/08/2020,59.02356099974649,0.19753767864175512,0.6475931294707977,0.37692714220066037,1.7539538034286484,2284.646766255223,42.2977711185699
AGL.JO,30/09/2020,64.61692509743943,0.093512041144616,1.4090821295355465,0.4137790400420317,1.1764714678846504,2851.7370157364835,59.02356099974649
AGL.JO,31/10/2020,32.49955091878018,-0.051662884,2.4008229681531175,0.5451318919454582,0.9834851291785693,2430.1988967023053,64.61692509743943
AGL.JO,30/11/2020,45.25596506396229,-0.084157594,1.4273968098799643,0.2766761140130264,1.1754841677763082,1616.6019554474772,32.49955091878018
AGL.JO,31/12/2020,83.59171442163915,0.19517376056786098,1.8963234280394903,0.36804818317206023,0.7642914244294916,2720.6925295604233,45.25596506396229
AGL.JO,31/01/2021,67.66021449046336,-0.093084071,2.321854368987685,0.5112686214615845,1.7246998699378862,2588.5792625825397,83.59171442163915
AGL.JO,28/02/2021,63.737835776468444,-0.003614937,2.3654569667080265,0.5330319447502042,0.3678280051592841,1539.550461745878,67.66021449046336
AGL.JO,31/03/2021,50.70548517829273,0.13369366577364147,2.474552258629889,0.1752084455517641,1.1911960730282027,2071.336284946532,63.737835776468444
AGL.JO,30/04/2021,83.34529187980317,0.14474162309749802,2.1766574094222757,0.3343465798974852,0.9222292535064978,1910.1106078960593,50.70548517829273
AGL.JO,31/05/2021,33.10065231580099,0.1526528316892686,2.1258020182601554,0.5998588366430653,1.7949552556108581,2333.1475584039413,83.34529187980317
AGL.JO,30/06/2021,72.29430783492808,0.18066800545884978,2.1992947813548227,0.22367405087159883,0.9758162029651403,1693.7391227272424,33.10065231580099
AGL.JO,31/07/2021,82.47280649922973,0.06216112205780802,0.9572856110069254,0.4358503422029284,1.2271923606868438,2037.2440770492608,72.29430783492808
AGL.JO,31/08/2021,36.2456675709796,0.08505061845747985,1.5406154018075866,0.48615919586781964,1.0802452516679901,2778.2722504778103,82.47280649922973
AGL.JO,30/09/2021,60.3548761325967,0.0463282900373852,2.2533072053166903,0.3017414331061985,0.5010228426759611,1543.1740144700084,36.2456675709796
AGL.JO,31/10/2021,71.53254906204904,0.06710834297371263,1.9081595361984471,0.20648208075445537,0.5045572133801546,1521.8169985018228,60.3548761325967
AGL.JO,30/11/2021,49.28231573436283,0.056471190399121574,1.2844880901994646,0.3187374610118645,1.6562380417406226,2022.3832005349504,71.53254906204904
AGL.JO,31/12/2021,58.26942190378959,0.12427855445940009,1.2930855646425403,0.4110433501139368,1.5935455631201179,2924.280935486463,49.28231573436283
AGL.JO,31/01/2022,38.08904145109709,0.174305668806523,1.4842325861590764,0.22912219414947918,0.9887036343573921,2970.0488629282154,58.26942190378959
AGL.JO,28/02/2022,57.09399516960783,-0.034936936,1.7668017086334515,0.22007280938909654,0.41379499216299587,1693.3195828659739,38.08904145109709
AGL.JO,31/03/2022,37.04252114267749,-0.096834057,0.7776543452988203,0.4204373724016073,0.5728201265987172,2018.5009249857949,57.09399516960783
AGL.JO,30/04/2022,79.32336254483064,0.015886574092005307,1.8351154770420544,0.18615993560081492,0.5884335282130062,1561.3029243997182,37.04252114267749
AGL.JO,31/05/2022,39.29142846896905,-0.052493381,0.8540209685534936,0.1443512668785278,0.4809538066509012,2191.168152049089,79.32336254483064
AGL.JO,30/06/2022,41.348354512318586,-0.022505549,1.5068345417097138,0.4451974143146826,0.3589682097616484,2699.115598363564,39.29142846896905
AGL.JO,31/07/2022,64.53452142199993,-0.121384339,2.2471572482135542,0.5604362002659066,0.3916169397822956,1915.3164722208055,41.348354512318586
AGL.JO,31/08/2022,74.34107038861838,0.11189089163428043,0.8690420387127546,0.20467466166835516,0.855708154187073,2226.784477786532,64.53452142199993
AGL.JO,30/09/2022,64.00401243416627,-0.020880226,1.4250694322662958,0.47373546906687825,0.35502480433589684,1878.6554165160312,74.34107038861838
AGL.JO,31/10/2022,69.23422722365038,0.16332239319051975,1.5233548842313323,0.36605674263265786,0.46075801700966407,2171.118550235182,64.00401243416627
AGL.JO,30/11/2022,59.293949655026275,-0.065135324,1.038486461898762,0.2886420815523113,0.33010679666658954,1983.1187483747674,69.23422722365038
AGL.JO,31/12/2022,41.62964038480995,-0.035375927,0.7395242636385024,0.5452636403699475,1.190388680331073,2518.6534787167343,59.293949655026275
AGL.JO,31/01/2023,73.40441812340362,0.024454769625170042,0.6738405761748474,0.3685532709092739,1.1802616770313188,2618.1592112764947,41.62964038480995
AGL.JO,28/02/2023,53.74127504263237,-0.105346894,1.067551811597449,0.2815411481993175,1.2688758619974019,2356.167457003368,73.40441812340362
AGL.JO,31/03/2023,49.585319924381544,0.19528033707754286,1.7115496387137743,0.21861339586799725,0.4526737089306056,1729.288708776498,53.74127504263237
AGL.JO,30/04/2023,43.527675061147946,-0.093761519,0.8731340481026115,0.24254758434692356,0.5600603929421322,2845.148136939638,49.585319924381544
AGL.JO,31/05/2023,34.41285601139032,0.03357898634958914,1.320793653979323,0.5911893084543032,0.4680583532520785,2096.7833985686125,43.527675061147946
AGL.JO,30/06/2023,83.32087383014529,0.1529274940628931,2.1341441418985596,0.22895141352246992,0.5563313810850987,2502.9648298866464,34.41285601139032
AGL.JO,31/07/2023,81.11567940201722,0.04486701255487541,1.6432253789397997,0.2399895468301421,1.4542393997879055,1780.565622836285,83.32087383014529
AGL.JO,31/08/2023,47.802358002233404,-0.001097246,1.51522075736891,0.22120486620754012,0.4722552371088053,2415.930063662449,81.11567940201722
AGL.JO,30/09/2023,45.87468042821406,0.0534333774979143,0.8087254305484046,0.3405700509274088,1.0988841488273788,1577.7353052336402,47.802358002233404
AGL.JO,31/10/2023,48.51323530066563,-0.102954863,0.6267499409455355,0.5949801161949726,0.7835307674620844,2714.811668781952,45.87468042821406
AGL.JO,30/11/2023,44.00523601200701,0.08852595277837524,2.020455719779373,0.3978193703039221,1.0073642828252376,2117.7613712209027,48.51323530066563
AGL.JO,31/12/2023,49.18775465986474,0.17533520048673903,2.1612388155754583,0.5825134553332563,0.4864458352283171,2596.301212805466,44.00523601200701
AGL.JO,31/01/2024,81.60872512515708,-0.086568427,0.632992534733555,0.4705603246450295,1.161709669769868,2762.743165137408,49.18775465986474
AGL.JO,29/02/2024,37.687480714445925,0.12834355915096154,0.9032546400954891,0.18182797143285226,0.5463986968964893,2721.862080347073,81.60872512515708
AGL.JO,31/03/2024,66.585847138291,0.03307289866919175,1.217660968247005,0.5386002704065541,0.888667661133953,2724.8991592073653,37.687480714445925
AGL.JO,30/04/2024,54.15241997136201,-0.01806945,1.4253595713392129,0.2506889370820711,1.4214140702643767,2254.0805851387186,66.585847138291
AGL.JO,31/05/2024,42.77169823307495,0.16485110064609895,1.2677824427464228,0.3717764305569943,1.6597081664468205,2436.356993870988,54.15241997136201
AGL.JO,30/06/2024,36.42939223896003,0.1789412432647163,1.7554161061428357,0.26745280732854304,0.5089081089950809,2691.037783905444,42.77169823307495
AGL.JO,31/07/2024,64.10400157606824,0.03671138219171252,2.2877851661019153,0.49429860561226535,0.5275123195991267,1967.5831016933223,36.42939223896003
AGL.JO,31/08/2024,43.66690268979562,0.11038120240043695,0.5670648694715588,0.3849448424356583,1.4436880286110358,2815.1484551426242,64.10400157606824
AGL.JO,30/09/2024,48.81449617937491,0.1374400566352045,0.7212634739104145,0.5232261458672591,0.4912329934979736,2095.930935840551,43.66690268979562
AGL.JO,31/10/2024,73.85124511787545,-0.0975289,0.958502790465283,0.4611262841965331,1.3800548048191115,2461.721449327946,48.81449617937491
AGL.JO,30/11/2024,68.1671644456905,0.03995355517165866,1.0035981178139055,0.2728479967519597,0.5723965752021385,2862.6758420004426,73.85124511787545
AGL.JO,31/12/2024,62.086548712136626,-0.009702004,1.4240116072882654,0.5736416698059077,0.5300271046741203,2379.3447480251957,68.1671644456905
AGL.JO,31/01/2025,57.82387733864563,0.06400898240212674,0.536220367641681,0.5360619544720757,1.6981774237254186,2347.699775383813,62.086548712136626
AGL.JO,28/02/2025,68.31579531322907,0.17287478341205345,1.9144772686267972,0.17626952145713068,1.1644325402502198,2410.072569574284,57.82387733864563
AGL.JO,31/03/2025,53.32718692163123,0.10775548246865299,2.3687340295380297,0.5627842564533881,0.9762590571061982,1669.857068761133,68.31579531322907
AGL.JO,30/04/2025,84.1662659429284,0.14361433025607692,0.7493253624065337,0.5604209413086861,1.6048445430931924,2278.257085689108,53.32718692163123
AGL.JO,31/05/2025,62.52014896597111,-0.010349054,0.6095232776440627,0.2675986208229505,1.5042801728970172,1506.9480345069044,84.1662659429284
AGL.JO,30/06/2025,48.342454443012926,-0.010640957,1.5747912058758458,0.5599278082063802,0.8195189915489418,2020.4298028443416,62.52014896597111
AGL.JO,31/07/2025,70.56256864603617,0.008276279311432488,0.9492096458799639,0.32621975806634673,0.5112855305696997,1764.580479759335,48.342454443012926
AGL.JO,31/08/2025,57.41022750067138,-0.003376093,2.3296918021362,0.28119694955831653,1.1708825254170652,2448.3964318792955,70.56256864603617
AGL.JO,30/09/2025,30.72019511235835,0.08223808020584869,0.8560719337395029,0.5805351587347276,0.5229940916296694,2121.9361855905354,57.41022750067138
AGL.JO,31/10/2025,34.694231744325414,0.19890598814608154,1.5043900206624852,0.3976925086600219,0.4006147160826412,2624.9407055987667,30.72019511235835
AGL.JO,30/11/2025,41.54480762025722,0.16431900130424978,0.9102792809640143,0.1953438603318333,0.3548245017721423,2208.100417664999,34.694231744325414
AGL.JO,31/12/2025,61.0662623294439,-0.127001976,2.051055233390021,0.32664441737401384,1.08658540399137,2161.144120407342,41.54480762025722
IMP.JO,31/01/2014,52.04196834814293,0.045874115957876244,0.810480491861425,0.19096406524763557,1.592678431520276,2919.173193200449,
IMP.JO,28/02/2014,50.53201239538642,-0.055239364,1.7879990864780315,0.30436708554904823,0.3380795334905173,1734.2288960492856,52.04196834814293
IMP.JO,31/03/2014,69.37847258660686,0.08062337966855296,0.554191985006967,0.21098608096647473,0.6466121948821071,2507.839115398093,50.53201239538642
IMP.JO,30/04/2014,31.08407957649003,-0.113561996,2.099832170746379,0.1892723310271668,1.2791191617778122,1857.2741715700897,69.37847258660686
IMP.JO,31/05/2014,35.46927660176398,-0.064889733,1.9445338637113183,0.5278482340531429,1.5453297968504873,2095.775294427682,31.08407957649003
IMP.JO,30/06/2014,66.74468251138555,-0.078255497,1.0862954605220265,0.5481679092605599,0.31950288526610404,1628.262796281702,35.46927660176398
IMP.JO,31/07/2014,41.4337440330315,-0.140713729,0.8628708701795946,0.39152078048484606,0.932136825888747,2839.0075666154626,66.74468251138555
IMP.JO,31/08/2014,74.95939589561425,-0.030363927,1.018846866862585,0.2898462040836335,1.1854424137722117,1902.0954612343144,41.4337440330315
IMP.JO,30/09/2014,64.32818993170237,-0.006705922,1.6040943617039605,0.3180632645676583,0.7416986393128765,2922.6799604432354,74.95939589561425
IMP.JO,31/10/2014,71.99831867878684,-0.100960388,2.2369359517958256,0.3437155991247568,1.6418283403411371,2699.782883920973,64.32818993170237
IMP.JO,30/11/2014,53.38674274580784,-0.142135742,1.0373547187698922,0.3708171073304335,1.250217329739221,1886.8315281498035,71.99831867878684
IMP.JO,31/12/2014,37.664584074005326,0.1422255828797547,2.4688043614071042,0.3628450911513429,0.5575189287724552,1908.4609897790533,53.38674274580784
IMP.JO,31/01/2015,31.01148721011067,0.17000458229617463,0.7355021657802823,0.38825823775712676,0.711082831030809,2331.2670037736902,37.664584074005326
IMP.JO,28/02/2015,65.82812135935254,0.14040963129752057,0.9128425435212064,0.10549791432924024,0.505328445103211,2850.0279627721575,31.01148721011067
IMP.JO,31/03/2015,78.06395426593834,0.05909458575960791,1.7010337208673068,0.4325183372731277,0.5630569179351743,2871.6179188874394,65.82812135935254
IMP.JO,30/04/2015,53.03237886906402,-0.015901515,1.537835410565675,0.12348298338752753,0.5494250531341192,2607.050424639556,78.06395426593834
IMP.JO,31/05/2015,34.55392673588196,0.06110323831323586,0.9906982193626419,0.29464780702098825,0.7330406051560499,2033.5090746974238,53.03237886906402
IMP.JO,30/06/2015,69.5475247851335,-0.0460074,1.6328092805937944,0.3380252010995498,1.2955067480439721,2905.2446089871373,34.55392673588196
IMP.JO,31/07/2015,70.29146534656377,-0.074770867,0.5623662701225693,0.23113202214991255,1.1926168960503822,1577.1387202263754,69.5475247851335
IMP.JO,31/08/2015,57.300143596068,0.05889499712091123,1.1684877816339216,0.485456101872911,0.4598973797006577,1612.706672603713,70.29146534656377
IMP.JO,30/09/2015,70.05038159119817,0.02342196067216945,1.876804792855472,0.3174136693018731,0.6696030498586603,2728.6534765112997,57.300143596068
IMP.JO,31/10/2015,73.96787334329386,0.09314376479904934,1.0442902744599254,0.3951153334345435,0.8414608454100403,1637.3731099899512,70.05038159119817
IMP.JO,30/11/2015,80.45224665042335,-0.102113479,2.400474707641605,0.3230028864789779,0.5776993932579295,2312.851421067537,73.96787334329386
IMP.JO,31/12/2015,78.01202097320245,0.10627871024334642,2.1131222957228992,0.4293916833553587,1.3384148467767787,2773.793477347979,80.45224665042335
IMP.JO,31/01/2016,43.73174048725522,0.02129873727509915,0.9424188836392045,0.5938340039983235,1.71608900952992,1559.1402170527588,78.01202097320245
IMP.JO,29/02/2016,68.80663448836287,0.17383691109548302,0.8611506902546671,0.38397261527631477,1.6732324463820627,1550.9189678786984,43.73174048725522
IMP.JO,31/03/2016,68.3581146985762,-0.045927847,2.3487923907530606,0.5855291225826839,1.7163997336701509,2211.3213249861956,68.80663448836287
IMP.JO,30/04/2016,77.41234580441224,0.14559228948727462,1.1382009464865113,0.5144577370753387,0.3555114520732389,2394.4048177230798,68.3581146985762
IMP.JO,31/05/2016,42.650486050823666,-0.10780159,0.6539064032584183,0.44814438793906985,0.8098124456520992,2587.150157293142,77.41234580441224
IMP.JO,30/06/2016,33.59459874394183,-0.039648382,1.5789825847506744,0.4953615824194818,0.7781287543981048,2438.8370646555136,42.650486050823666
IMP.JO,31/07/2016,78.72877615299029,0.0655521158638066,0.9659189495072675,0.11220039077826902,1.6051483108513949,1531.9041162755807,33.59459874394183
IMP.JO,31/08/2016,78.10859199763097,0.0351279969095242,2.378135397025792,0.49939161788683273,1.7969011658000063,2026.0677231775653,78.72877615299029
IMP.JO,30/09/2016,72.19535589121199,-0.00932418,1.4597512406078177,0.413752731609185,1.6105156712795081,2976.1252037989425,78.10859199763097
IMP.JO,31/10/2016,72.25503776254851,-0.003781626,1.3427140045541404,0.4687911507944458,0.6581657186524534,1665.711169697092,72.19535589121199
IMP.JO,30/11/2016,49.50421867024271,-0.049466353,1.0926162409119802,0.21680387552495498,0.3631397844545428,1526.8109021001208,72.25503776254851
IMP.JO,31/12/2016,84.32473143548174,-0.000279403,1.2686532943193634,0.43982364134653495,0.6273808317975962,2924.9417759253383,49.50421867024271
IMP.JO,31/01/2017,73.24897579285536,-0.118706149,1.3351615515698567,0.5395591537810823,1.7170980334371155,2201.1022668748046,84.32473143548174
IMP.JO,28/02/2017,63.73762640658892,-0.091538119,2.482337252273953,0.2158358506917217,1.7140976612026886,2474.4699734885526,73.24897579285536
IMP.JO,31/03/2017,63.42552371833725,0.02944097885577801,0.9613396234355174,0.18826401600275414,0.630729313605263,1779.6573932163817,63.73762640658892
IMP.JO,30/04/2017,72.87714604617143,-0.027456159,0.6156853531267927,0.5845513150704057,1.6256788274451386,2891.6284247928197,63.42552371833725
IMP.JO,31/05/2017,84.71993024555394,-0.089136663,1.2924840378053175,0.4791192378520457,1.3440309270806885,1730.8438595097825,72.87714604617143
IMP.JO,30/06/2017,74.87082187448398,-0.0714458,0.9476352296452462,0.3684872114467068,1.1894099022625548,2370.1293117567166,84.71993024555394
IMP.JO,31/07/2017,35.03177605687652,0.15711130192063313,1.0312000851774121,0.1647574606414021,1.6331221198034658,2933.47724734463,74.87082187448398
IMP.JO,31/08/2017,77.4170189495998,0.1333306261537073,1.8104839612780435,0.37542868530456963,0.4304801398671152,2112.679819606048,35.03177605687652
IMP.JO,30/09/2017,50.49786843567727,-0.059086176,1.9468402273771699,0.3479378675393854,0.4215693238614719,1830.274802924717,77.4170189495998
IMP.JO,31/10/2017,67.57923200127777,-0.123354199,2.202413828097537,0.34757326350698714,1.020879865989972,2388.6116769892765,50.49786843567727
IMP.JO,30/11/2017,75.35745312588321,-0.028266777,1.8560323051181271,0.38286598199789557,0.700542405254132,2817.9449795327373,67.57923200127777
IMP.JO,31/12/2017,73.85843118838105,0.08045814213044891,2.201163458188484,0.5336471004799012,1.3625444650725522,2755.519992545508,75.35745312588321
IMP.JO,31/01/2018,68.3609303918106,0.08804927011610514,1.7372227564303686,0.4763583197788206,0.5379076579396105,2821.3061387983926,73.85843118838105
IMP.JO,28/02/2018,77.95139402598775,-0.139763451,2.1516335011295253,0.1644349337367226,0.8026782813887128,2615.2623844374116,68.3609303918106
IMP.JO,31/03/2018,38.84179428265695,0.13628845844167173,2.1642683559154836,0.3537338668804181,0.30957880757525036,1930.5571997623692,77.95139402598775
IMP.JO,30/04/2018,63.93098051066582,0.19341516230959818,1.7636270540333367,0.2299017905320799,1.251008554649417,2309.978069573783,38.84179428265695
IMP.JO,31/05/2018,72.89149673331289,-0.112556776,2.0220558050040562,0.37063328933805517,1.744488005788492,2012.808249058029,63.93098051066582
IMP.JO,30/06/2018,64.79420412236715,0.1762098369285061,0.7050194559813585,0.5686142436182255,1.33182858345122,1601.755588657758,72.89149673331289
IMP.JO,31/07/2018,46.55299618207489,0.09786023102584854,0.6347012029375434,0.39108523008813667,0.8188245854294351,2431.3732766512157,64.79420412236715
IMP.JO,31/08/2018,32.515811859688206,0.15503788215333167,2.446977938354794,0.5844389276428458,1.424477747614387,1695.129360195948,46.55299618207489
IMP.JO,30/09/2018,71.70447577609625,-0.141394579,0.5442471030579945,0.26180510957477066,1.0329647856069986,2655.61112671169,32.515811859688206
IMP.JO,31/10/2018,67.58124571335779,0.006065947231861907,1.0472533325633318,0.5985622500788556,0.9392719533539595,2177.080536494513,71.70447577609625
IMP.JO,30/11/2018,38.99931016554181,0.12818334206247525,1.8873644515629773,0.2103848063943802,0.42357156842376403,2520.7489531120696,67.58124571335779
IMP.JO,31/12/2018,65.99811678546243,-0.054359166,2.4017271245008205,0.17552894589045012,0.9485022015639029,2915.4238802513983,38.99931016554181
IMP.JO,31/01/2019,53.085002430936726,0.07348408168242992,1.2951887959255886,0.23710760117433502,1.7759664719397423,2114.0010094725644,65.99811678546243
IMP.JO,28/02/2019,79.1754562023524,-0.069515888,0.9262094080501666,0.11556704144225569,1.2775002380638276,2052.7895155856418,53.085002430936726
IMP.JO,31/03/2019,77.53970374118003,0.015623467342045005,2.4363868558294435,0.19276275785156058,1.6029347519334163,2664.8952791876127,79.1754562023524
IMP.JO,30/04/2019,72.40070145542286,0.1456741298409107,2.022047981885998,0.4131101608157077,0.49686731652358135,1548.7892692368778,77.53970374118003
IMP.JO,31/05/2019,80.64663162986278,0.06582761008225832,2.0930745819523526,0.34076117575627507,0.4759622834435917,1687.7786883038257,72.40070145542286
IMP.JO,30/06/2019,67.70609079759342,0.000607063214811937,0.9010494534006734,0.3457972733707184,0.3963134056127011,2372.957102871598,80.64663162986278
IMP.JO,31/07/2019,44.794637243930374,0.12914568522301587,1.1207239178471475,0.32761007454090063,0.31743080986215094,1608.6703316918383,67.70609079759342
IMP.JO,31/08/2019,51.58714560236767,0.017978592150993233,1.7000410962386074,0.24583128935465162,1.3424728291898138,2790.1835957838066,44.794637243930374
IMP.JO,30/09/2019,72.89180438913424,-0.136133411,1.4610138945156579,0.15246508920908744,0.6630675237937912,2979.9938899007198,51.58714560236767
IMP.JO,31/10/2019,37.837254859583226,0.02461085370797461,1.7363114686362382,0.45123248527205195,1.139473025230371,1514.6562711287754,72.89180438913424
IMP.JO,30/11/2019,47.95537195341956,0.031199075184648983,0.6757329982896667,0.27531346560459036,0.34980466318704984,1617.8677457325311,37.837254859583226
IMP.JO,31/12/2019,51.83078019108778,-0.103549486,1.6350816965231163,0.4447324845686329,1.5008800486636245,1800.2253663672152,47.95537195341956
IMP.JO,31/01/2020,39.211542024248836,-0.113401256,1.7728604990872734,0.4532378632434506,0.34737921723846305,2904.3183693655346,51.83078019108778
IMP.JO,29/02/2020,32.85842060083098,0.039453717355374646,1.9181210389018328,0.5354845618730428,1.3711303981986418,2702.592124604688,39.211542024248836
IMP.JO,31/03/2020,48.669760589854334,0.13518878981127927,0.6602296927693503,0.5474083280302638,1.1213885642306043,2725.9466549437407,32.85842060083098
IMP.JO,30/04/2020,54.87750564850651,0.07525219331878372,1.5528053218722264,0.4657947608776659,0.42244497304588435,1590.5281259858457,48.669760589854334
IMP.JO,31/05/2020,43.59067787055805,-0.094159362,2.2435671331844036,0.20960699367902216,1.763797883728697,2005.3436876566602,54.87750564850651
IMP.JO,30/06/2020,40.01648536287846,0.12639447749986768,1.8174155510017522,0.34909785822656947,1.1330453264064468,2578.802667408396,43.59067787055805
IMP.JO,31/07/2020,42.56501077322143,0.19871687061985968,2.4495863242935663,0.4251628431734684,0.5993136763937177,2520.342363646937,40.01648536287846
IMP.JO,31/08/2020,33.97091249385467,-0.139271624,1.0153657770224274,0.33131147836965813,1.6024087581125708,2590.753604649462,42.56501077322143
IMP.JO,30/09/2020,70.84885866599896,-0.001077333,1.1918699850939258,0.2855193814923014,1.7814743456040867,1560.1637871187238,33.97091249385467
IMP.JO,31/10/2020,77.68673228673467,0.05253639300033769,1.377230838379181,0.4626288302075683,1.0300034121370543,2810.1348571224908,70.84885866599896
IMP.JO,30/11/2020,79.53860252061922,-0.002397676,1.0536555944701032,0.3961751642966811,1.6685450184250366,1815.9932835084999,77.68673228673467
IMP.JO,31/12/2020,64.26316209599156,0.0710460770323822,1.966226044830562,0.1657838425636299,1.373737447023133,2863.5487809984616,79.53860252061922
IMP.JO,31/01/2021,39.88257098786331,-0.066859836,2.442790188083279,0.1904884763547449,1.5815776400543686,2238.416784672052,64.26316209599156
IMP.JO,28/02/2021,43.59770909217474,0.154762465445379,1.390610510005331,0.35740867696484513,0.8388500540996486,2389.426277152391,39.88257098786331
IMP.JO,31/03/2021,38.99381299217625,-0.013121462,2.438824644670575,0.22906671635056378,1.2851049968119383,1987.7850963370424,43.59770909217474
IMP.JO,30/04/2021,72.54102191276303,-0.104194219,2.4396420901570894,0.3268947706918196,0.654075695019696,1610.245120995019,38.99381299217625
IMP.JO,31/05/2021,39.33668477981474,0.03192088199460619,1.1740063528625726,0.5144416829413048,0.9463312854927088,1873.0714088814448,72.54102191276303
IMP.JO,30/06/2021,63.94297426322165,0.09737202590990601,0.8340838158018997,0.18380960814415884,0.35500714040031445,2604.6030225984605,39.33668477981474
IMP.JO,31/07/2021,66.50924901919927,0.01612080651243486,2.188340897938394,0.5028350764750266,1.1780315465951283,2802.4069207698876,63.94297426322165
IMP.JO,31/08/2021,41.32126655202225,-0.110828133,1.0394992230339792,0.12854342804465743,1.096754292001548,2904.9085384424425,66.50924901919927
IMP.JO,30/09/2021,32.16389473676803,-0.10726153,1.4043980565668706,0.5669375087639524,0.7742341574651257,2260.8522130325887,41.32126655202225
IMP.JO,31/10/2021,32.28650724777157,-0.09807988,2.473260245917694,0.5825593482180228,0.3074099714016144,2927.7176781348585,32.16389473676803
IMP.JO,30/11/2021,65.15159657985252,0.15377140308200773,1.4094797112677182,0.3577980142896251,1.0332698703853802,2500.2963863191567,32.28650724777157
IMP.JO,31/12/2021,37.68081901159721,-0.139509244,1.1158598831823818,0.45234038136832333,0.6027801781844225,2510.148649987376,65.15159657985252
IMP.JO,31/01/2022,83.34516253589987,-0.117134749,1.8452042364502526,0.3218751096522856,1.602213381566258,1765.724684171079,37.68081901159721
IMP.JO,28/02/2022,68.09442737243904,0.14334035137683857,2.3892284389480465,0.4416240141448229,1.045762146012641,2426.770860301821,83.34516253589987
IMP.JO,31/03/2022,77.7897741463295,0.04971341132359039,0.5607741193936737,0.5654743477534889,1.3342901265473417,2514.7700786658697,68.09442737243904
IMP.JO,30/04/2022,41.86213338187444,0.08060991458143002,1.287728811308317,0.4256164885207461,0.45988954546198607,2486.767956904554,77.7897741463295
IMP.JO,31/05/2022,84.96775491738666,-0.133125786,2.4543483684426346,0.30345398036143534,1.6061301755058888,2673.5782260874103,41.86213338187444
IMP.JO,30/06/2022,61.18589435426673,0.10845722323796428,2.2570311226026956,0.3020701608255165,0.790549742344858,2501.3900783453773,84.96775491738666
IMP.JO,31/07/2022,74.43152680676923,0.11679979717181552,2.095627297717269,0.31779165740646653,1.5267513242625326,1680.3135830559127,61.18589435426673
IMP.JO,31/08/2022,59.946900387846725,-0.147984469,1.1491716598005406,0.28323076743569897,0.894259037413883,2543.200810034793,74.43152680676923
IMP.JO,30/09/2022,51.370695569869014,0.007042767917885717,0.9750882617486549,0.28662589581467,0.6409044408947272,1609.7938856526655,59.946900387846725
IMP.JO,31/10/2022,63.18967263597578,0.08387447949425567,1.738980692019229,0.33174702190028615,0.8696786702688448,2795.000474357738,51.370695569869014
IMP.JO,30/11/2022,58.549498182491995,0.017713657170405822,0.5512841316128714,0.27062391381307815,0.8702934281787855,2098.2341713453507,63.18967263597578
IMP.JO,31/12/2022,61.90948030750327,0.036760891354407466,1.7158101855868892,0.48244163077106417,1.5194786080741403,2577.1846143397415,58.549498182491995
IMP.JO,31/01/2023,82.55380327752141,-0.143618596,0.8915559713670922,0.10378143748907107,1.2712120712319046,2847.0458234249804,61.90948030750327
IMP.JO,28/02/2023,43.39152631169646,0.1744620906787073,0.6205347805791217,0.5672180134027571,0.8274340308594517,1652.1312426738248,82.55380327752141
IMP.JO,31/03/2023,56.72294675524791,-0.060128201,1.0697458039238457,0.25364498246314326,1.5045388467489953,2308.7419150128817,43.39152631169646
IMP.JO,30/04/2023,47.1219234535802,0.06361682415882142,1.9323013484463871,0.2363120003667669,0.9203236522880274,1682.8291400054213,56.72294675524791
IMP.JO,31/05/2023,39.963214224407416,0.08839124888774397,0.8628766953912539,0.36258169183353006,1.363569392583649,1660.3153846421158,47.1219234535802
IMP.JO,30/06/2023,61.202172079589694,-0.060203026,2.4258537504751594,0.3417728233599624,1.5089888246627372,2325.3398132343928,39.963214224407416
IMP.JO,31/07/2023,32.38768930701505,0.0716029814579078,2.402806684413314,0.40080591007316557,1.5287832891401854,2826.309695022612,61.202172079589694
IMP.JO,31/08/2023,42.544387457191284,-0.075784306,1.7219619777019834,0.3055142349033524,1.5597919543000807,2850.034685097017,32.38768930701505
IMP.JO,30/09/2023,49.4381758616495,-0.067095304,2.0610510304877234,0.23740301777406805,1.5339214777705177,2135.607380473144,42.544387457191284
IMP.JO,31/10/2023,66.71524446103088,-0.11656264,1.747718649353146,0.32588383936861454,1.1799126947632113,1752.0213116172952,49.4381758616495
IMP.JO,30/11/2023,70.52805597193002,0.15197897714012995,0.9334796001815513,0.14785727776008087,0.3354578790695046,2462.957250664899,66.71524446103088
IMP.JO,31/12/2023,63.39017198488294,0.04134409444992451,0.9638941922319508,0.29545299795275737,1.1917145027792595,2245.150288288754,70.52805597193002
IMP.JO,31/01/2024,84.3282036118188,-0.102246087,1.8902891080951876,0.30215938405214604,0.9422994223884222,2576.3966484872644,63.39017198488294
IMP.JO,29/02/2024,68.08398832284033,0.1969395977957659,0.7567885789082505,0.15205482469208317,1.3865082256931118,2367.5803755096135,84.3282036118188
IMP.JO,31/03/2024,45.07883666078932,-0.122203221,0.6713164991928611,0.5470954373320591,0.5878009870781143,1985.0573431732812,68.08398832284033
IMP.JO,30/04/2024,42.466102122484344,-0.025751293,0.6388476854921867,0.35952989545413516,0.40141884538832234,2700.5347617335424,45.07883666078932
IMP.JO,31/05/2024,42.85416450507382,0.039004170111578695,2.2601581751229167,0.4254386845235971,1.099436679827003,1986.5006296730635,42.466102122484344
IMP.JO,30/06/2024,48.315105218200884,0.08432043431936653,2.488278722442335,0.43091959492468934,1.1366751260550374,2595.9757653588695,42.85416450507382
IMP.JO,31/07/2024,55.5863086756045,-0.12895018,1.6245936317558196,0.5788126422526901,0.5629544135364895,2535.0073362309986,48.315105218200884
IMP.JO,31/08/2024,41.0513528762481,0.03753968956557843,0.6933528992934392,0.32518546812909255,1.4342449933428691,2021.3572863584732,55.5863086756045
IMP.JO,30/09/2024,66.57014484679699,0.12840748627640522,2.3543556389589053,0.21732104092772678,0.8989738737139623,1728.6240199956262,41.0513528762481
IMP.JO,31/10/2024,84.58659261871064,0.17445033877350333,1.5799142605611192,0.5210166471882106,1.0814369659080634,2435.3785320041397,66.57014484679699
IMP.JO,30/11/2024,34.901843766380914,0.11434464717388274,0.7554269672704697,0.5130338151262642,1.4730421315055788,2563.117046614465,84.58659261871064
IMP.JO,31/12/2024,31.988820928861916,-0.043905075,1.0262251398216857,0.2800682037357596,0.4314641201457578,2905.4367345465944,34.901843766380914
IMP.JO,31/01/2025,60.4591232391807,-0.043066491,1.2939630341485668,0.3236012702524178,1.200891500040926,2273.5191415447466,31.988820928861916
IMP.JO,28/02/2025,80.56655852679296,0.023937219017040573,2.4843160296466253,0.5257124788725479,0.6127657715360038,2895.8928219658746,60.4591232391807
IMP.JO,31/03/2025,36.400151883701184,0.13610739797191704,1.2612465869531602,0.5389871602225348,1.6020850351611755,2708.8881001764316,80.56655852679296
IMP.JO,30/04/2025,73.45167399688837,-0.043362301,0.6618385661025044,0.3014900893825807,0.560286772479763,2542.4266333536925,36.400151883701184
IMP.JO,31/05/2025,49.035484959578206,0.1914635703009702,1.781944154690664,0.5112402818171805,0.49878700911277263,2793.021723408934,73.45167399688837
IMP.JO,30/06/2025,80.7516454782367,0.02047167158662755,1.7125058755019549,0.48240490045149775,0.5622579408906188,2253.8491146951637,49.035484959578206
IMP.JO,31/07/2025,51.92646652747722,-0.098769103,1.2350688445830629,0.1340861546927468,0.33871786042423047,1702.7494337322341,80.7516454782367
IMP.JO,31/08/2025,82.97133113740456,0.04233533756325594,2.4316443223064397,0.316248939165066,0.7677241996278894,2259.212794260366,51.92646652747722
IMP.JO,30/09/2025,54.173142874810054,-0.113017361,1.7816526293804125,0.2080190912547998,1.2293819323467443,2475.30163859723,82.97133113740456
IMP.JO,31/10/2025,38.361366922075646,-0.128527631,2.0615231721368796,0.3299002118846601,0.3872456932582137,2992.2994757546508,54.173142874810054
IMP.JO,30/11/2025,33.17793085480017,0.09326233010049359,2.4673578505268274,0.2195900521079628,0.5133740530307942,1682.0774091336434,38.361366922075646
IMP.JO,31/12/2025,46.68013311621776,-0.114633966,1.8843226833882638,0.13114589906503135,1.0641331922246846,2995.0452807794654,33.17793085480017
S32.JO,31/01/2014,74.76836482283103,0.06532680338085381,1.1125072415732233,0.4119479181458192,1.0905621958674774,2139.1250758355573,
S32.JO,28/02/2014,37.18907072071097,0.16031147533416332,1.399569297642645,0.19731125591038254,0.8516390263159344,2121.1946287933906,74.76836482283103
S32.JO,31/03/2014,75.5145842561781,0.1067650331964907,2.0386097872826796,0.10551563221432361,0.9242309972696423,2222.0162274529853,37.18907072071097
S32.JO,30/04/2014,31.055575225268118,-0.059065377,2.0205796462442702,0.16855485286449953,1.1029651971788874,1822.8028080258564,75.5145842561781
S32.JO,31/05/2014,30.66664260541413,-0.06557949,2.4517475098201076,0.5007685559414948,1.7393649664815503,2231.7810658895437,31.055575225268118
S32.JO,30/06/2014,36.03549092726269,0.04178582114079252,1.4087546691199218,0.522178541369808,0.44712387117636687,2232.361705532667,30.66664260541413
S32.JO,31/07/2014,38.252676558169135,-0.036363426,1.9747141547755993,0.3380090646843833,0.863832427718654,2091.714417855053,36.03549092726269
S32.JO,31/08/2014,55.26957226232926,0.12475579034296988,2.2841693778804686,0.5776673432519641,1.4803550793829428,1973.1103436220192,38.252676558169135
S32.JO,30/09/2014,67.84740883475982,0.0031610934193871676,1.0093412440921024,0.5204357897129613,0.3576395234434875,2852.6429882031352,55.26957226232926
S32.JO,31/10/2014,55.38126055436038,0.07302051688289815,1.8187078444115654,0.5475588703532682,1.255004523250811,2420.9003771400926,67.84740883475982
S32.JO,30/11/2014,33.665862230837945,0.031442807680821416,0.8003380016340833,0.46871688436074277,1.0683328812190118,2520.34166881253,55.38126055436038
S32.JO,31/12/2014,32.292009533131136,-0.120322794,1.9326467761253645,0.1360421679993367,0.4068850916478879,1518.1627128523312,33.665862230837945
S32.JO,31/01/2015,82.60757690647141,0.10812792581065242,1.2065028170041283,0.24826779064382762,0.8245548446187743,2661.980296771773,32.292009533131136
S32.JO,28/02/2015,66.3753836088728,-0.085181551,0.8482186706681687,0.14919782485669866,1.2904540795520072,2646.5589933326037,82.60757690647141
S32.JO,31/03/2015,44.57755355787522,-0.142669264,0.6643433349528547,0.5839300174225153,0.7431671662161303,2653.8347217572004,66.3753836088728
S32.JO,30/04/2015,64.35649628698451,-0.016321126,0.9113745243911102,0.16069320907970322,1.2225194520583,2661.950670956682,44.57755355787522
S32.JO,31/05/2015,65.41473394476219,0.03560574663720539,0.5839024468632725,0.5842443887971919,1.498071287481862,1939.233055051447,64.35649628698451
S32.JO,30/06/2015,83.89836811473678,0.060658556372712724,1.664845316414493,0.47403658971476603,1.5176546821352064,2484.717910997254,65.41473394476219
S32.JO,31/07/2015,37.045266050141,-0.031606373,2.3561672806520995,0.21230780592192597,0.85825053575627,2148.1153244162942,83.89836811473678
S32.JO,31/08/2015,54.16727443319487,0.06452885387308394,2.3861516754894154,0.22034635591625248,0.4822520644513771,1796.205734789906,37.045266050141
S32.JO,30/09/2015,78.78086951150982,0.0760337844293221,1.0718135784783203,0.5079734694843087,1.592054994545154,2769.7715080354174,54.16727443319487
S32.JO,31/10/2015,80.5409593501755,-0.061715643,2.010083857492557,0.33026974863707004,1.5629978293350923,2592.73601574242,78.78086951150982
S32.JO,30/11/2015,72.70460955748486,0.07965664318837501,0.8548575389394137,0.37251345944846914,1.7770046092867624,2906.0820997456785,80.5409593501755
S32.JO,31/12/2015,32.374555468835645,-0.092314814,0.7634575469091238,0.4629899549926477,1.5266779947854177,1820.2670494660078,72.70460955748486
S32.JO,31/01/2016,57.821898112350596,0.14424605980392,1.9656030895325012,0.3711186027459241,1.1855215356881594,2262.54082037442,32.374555468835645
S32.JO,29/02/2016,46.365164822535135,0.047757697500655644,1.8777706041001814,0.5366614579304039,1.2544370309688722,2641.682305564737,57.821898112350596
S32.JO,31/03/2016,38.80393992250151,0.011545116046926457,0.5186632396541866,0.22333943226081152,1.3896925726695073,2987.714927024045,46.365164822535135
S32.JO,30/04/2016,35.45479547729688,-0.009476989,2.100141937398319,0.20201781731444943,1.1326274239534293,2599.606944044512,38.80393992250151
S32.JO,31/05/2016,63.879199764309845,-0.084191343,1.2107691373714788,0.4918958922426986,1.1313397711980249,1507.844420314369,35.45479547729688
S32.JO,30/06/2016,71.85449180154515,-0.137641026,1.9914675654624643,0.2012402800826187,1.7371102201790702,2051.9111269531268,63.879199764309845
S32.JO,31/07/2016,47.981238898594356,-0.097889182,1.1112084309804298,0.5383253809141003,1.7945015064408711,2052.4642957602728,71.85449180154515
S32.JO,31/08/2016,54.67358470249984,0.10272482837095795,2.2723915609301493,0.39652216709339205,0.887288547266744,2118.9327612729357,47.981238898594356
S32.JO,30/09/2016,68.25899805732438,-0.148873608,1.7391786749196814,0.2777465052206787,1.4912959969156263,1639.4859597346983,54.67358470249984
S32.JO,31/10/2016,62.351124682161476,0.018340511460143316,1.7846510518104548,0.13242679724148418,1.1699756811421969,2342.2268819392857,68.25899805732438
S32.JO,30/11/2016,60.8363051928894,0.06122068330875918,1.8529358744527245,0.5024944998403849,0.7047310801923214,2737.574115270093,62.351124682161476
S32.JO,31/12/2016,57.404062524489945,-0.123029602,0.6171018584879584,0.26711915934803043,1.4773454656672014,2561.5214021113734,60.8363051928894
S32.JO,31/01/2017,73.37382305698236,0.031044169754563283,1.3803979959109811,0.17372626335314198,0.7922891304139673,2151.029049260813,57.404062524489945
S32.JO,28/02/2017,34.873023632378946,-0.072785817,1.6964505881274776,0.4678315571195949,1.7975212670894245,2899.669997015337,73.37382305698236
S32.JO,31/03/2017,65.34108597443554,-0.002563181,1.7723547294164654,0.49282580904011597,0.47750428638508097,2114.8573345444324,34.873023632378946
S32.JO,30/04/2017,76.18912570995894,-0.015658467,1.643744542454373,0.39388468043109914,0.576714379700459,2043.3531624784325,65.34108597443554
S32.JO,31/05/2017,48.39812088080627,-0.140831152,0.5483835277827105,0.5158485218378868,0.7096062149592186,2277.118149358223,76.18912570995894
S32.JO,30/06/2017,46.429906547382515,0.17923773579036914,1.0185935177315475,0.3148284063694675,1.6090953757269029,2762.9003501877132,48.39812088080627
S32.JO,31/07/2017,40.235577981545255,0.13092515842849864,1.4163737734757853,0.34148443604267764,0.5002199586239157,1620.902270635687,46.429906547382515
S32.JO,31/08/2017,70.03666188355709,0.02376140332435492,1.373701405230359,0.4647541143261984,1.4482693484866647,1738.3622515040304,40.235577981545255
S32.JO,30/09/2017,63.562383221270274,-0.102626071,2.002750172058091,0.4284775781335698,1.734921931625187,1603.4370245346317,70.03666188355709
S32.JO,31/10/2017,33.13800966331899,-0.051234524,1.023411367471812,0.22348939953599992,1.659381870781555,1874.3192997742592,63.562383221270274
S32.JO,30/11/2017,44.9572349370747,0.11578939184628731,1.39947968490108,0.48835527847759064,0.39804923634657785,2231.3567905100763,33.13800966331899
S32.JO,31/12/2017,31.848748010080545,-0.128071379,2.3128749066888217,0.1696226855587976,1.0986310234128256,2116.64340390106,44.9572349370747
S32.JO,31/01/2018,49.10388294423635,0.16494167099054532,0.543646793550979,0.4318948430877946,1.7450916513203256,2340.2522751927627,31.848748010080545
S32.JO,28/02/2018,81.52523541182005,-0.131709742,1.3375866381483228,0.23007889548102559,1.3962314474710948,2971.9456357458703,49.10388294423635
S32.JO,31/03/2018,44.10915343443363,0.07896111051592605,0.8961952655194803,0.38266512728580493,0.9958987300325044,2958.0079944473055,81.52523541182005
S32.JO,30/04/2018,63.46899999830566,-0.02767277,0.7281915697758667,0.17562341436746728,0.6379753949268526,1876.449992010447,44.10915343443363
S32.JO,31/05/2018,76.78388318126258,0.04642797589888373,1.5467818227487329,0.15738443593460874,1.5902095400241525,2584.221454812726,63.46899999830566
S32.JO,30/06/2018,33.72175990450009,0.09774228403041901,1.5870764346852921,0.14086267287338913,0.9874509622929848,2227.0444306950703,76.78388318126258
S32.JO,31/07/2018,39.117599708980165,0.18099435145009882,2.199950742961324,0.4345111686645542,0.9934433415009107,2117.648312376763,33.72175990450009
S32.JO,31/08/2018,65.80354069330248,0.04090115429241692,0.6245462117637712,0.3562513243851658,1.5096054258492593,2188.859816395437,39.117599708980165
S32.JO,30/09/2018,32.85761176548476,0.12519736978441157,0.9027275642719488,0.2293104174440194,0.5470595301484438,1995.3225973072463,65.80354069330248
S32.JO,31/10/2018,71.62133281287493,0.03178505082637806,0.9097625483014251,0.5389150390760205,1.6193727824272939,2805.86763756901,32.85761176548476
S32.JO,30/11/2018,43.13379162598466,0.00793377046334584,2.46997931228175,0.4860062381549952,0.3407511318383397,1597.806886890738,71.62133281287493
S32.JO,31/12/2018,55.51622572467831,0.16822707205154605,1.5774035959054284,0.34890625401714515,0.45821054993494587,2485.170157086441,43.13379162598466
S32.JO,31/01/2019,75.2156738330124,-0.016852997,2.051223701850655,0.5822383269504058,0.6056496886915337,2284.994446792112,55.51622572467831
S32.JO,28/02/2019,45.79258769465166,0.12749904666184378,1.655186731762315,0.4172912087751519,1.496871239423841,2093.9557089936825,75.2156738330124
S32.JO,31/03/2019,80.32995376238738,0.03656010353614897,0.815909645670696,0.44794955908440126,1.4898920256573815,1975.1425156012901,45.79258769465166
S32.JO,30/04/2019,77.14485913493141,0.1671501391680182,1.0538089747556179,0.5917607363576111,0.5110672920731376,1803.0235026037349,80.32995376238738
S32.JO,31/05/2019,40.132366158091436,0.16289639850275464,1.8085851046499237,0.17605214161113644,0.9604851275525235,2422.947037604703,77.14485913493141
S32.JO,30/06/2019,34.59052467441608,0.15884572894256851,2.1072070708830704,0.35260338678831915,1.7506899228887558,2126.6414689126495,40.132366158091436
S32.JO,31/07/2019,84.12606754700738,0.08377199958126946,1.769342546507883,0.1829774476478925,1.622891637456966,2141.234531880923,34.59052467441608
S32.JO,31/08/2019,38.922837318036365,-0.145587368,1.6195113672767651,0.3636998110613382,1.3790304335537378,2835.387079526703,84.12606754700738
S32.JO,30/09/2019,34.36736215536662,0.10602377161912682,0.8748238881951644,0.529088526578582,1.5285952707924841,2311.1906324783167,38.922837318036365
S32.JO,31/10/2019,69.06335392428213,-0.03997746,1.4423357978656293,0.5108184488552359,0.9888977957598208,2036.6973979881627,34.36736215536662
S32.JO,30/11/2019,57.181684598766495,0.13988723835302644,1.1704160947417455,0.1868807965678719,1.3680210304961713,2738.9673190621224,69.06335392428213
S32.JO,31/12/2019,35.535061318794334,-0.066044061,0.7839439795219878,0.2739707057910833,0.9755264683581191,2623.23950544496,57.181684598766495
S32.JO,31/01/2020,65.81311716849208,0.06732499861745089,1.2047498932193088,0.52072377654238,1.006930751097247,2968.6574070227316,35.535061318794334
S32.JO,29/02/2020,64.87781760626552,-0.10580734,1.852355124150868,0.2625520077158495,1.3294907950291461,1604.4617222436086,65.81311716849208
S32.JO,31/03/2020,39.61847904467777,0.1495080406170252,0.9543591140470298,0.5185205626214701,0.7189141326816156,2464.3228650880615,64.87781760626552
S32.JO,30/04/2020,68.1782815430407,0.029429163600768526,1.1106213533934626,0.20632218818554807,0.3497840318436393,1955.9196018610858,39.61847904467777
S32.JO,31/05/2020,65.92395347922056,0.17840668645696892,2.242408964526104,0.48303238826765127,1.482671014879948,2497.4773552139927,68.1782815430407
S32.JO,30/06/2020,44.31577716613016,0.16751826074704043,1.841464623811668,0.38022031549021995,0.4664842038202216,2170.583315709638,65.92395347922056
S32.JO,31/07/2020,55.31970491610595,0.15259726333293447,1.593296440375577,0.2902002744852048,1.765200492765989,1666.0808899894735,44.31577716613016
S32.JO,31/08/2020,53.240163557156954,-0.135291364,1.9798082415338607,0.5590382760995753,0.7200559943257341,2787.5125151986813,55.31970491610595
S32.JO,30/09/2020,46.07200267540438,0.16876955657537032,2.007923807193568,0.5024533884207193,0.32700983340068174,2944.215535611039,53.240163557156954
S32.JO,31/10/2020,69.96690456386779,-0.043337117,2.1587893297176937,0.24076059920746498,1.609130759349192,1668.8705856179056,46.07200267540438
S32.JO,30/11/2020,68.70272876034377,0.03924446682571861,0.6930689403908816,0.2209469141294195,0.3186060544159722,2203.151948196759,69.96690456386779
S32.JO,31/12/2020,46.569589341800025,0.059425119504215584,1.0944756154172344,0.24995955575349235,1.4147897980974051,1572.21425396753,68.70272876034377
S32.JO,31/01/2021,79.65922473555929,0.14829235603691351,1.835609366452813,0.3966107850536922,1.6384537472094785,1777.9952692930717,46.569589341800025
S32.JO,28/02/2021,34.34330392049557,-0.066171441,2.0891565574003805,0.11733513336324167,1.1742102526252345,2993.1562742869646,79.65922473555929
S32.JO,31/03/2021,77.06328516106467,0.03250599116525629,0.6272818185732847,0.515686757192855,1.1984677622658158,1672.3994955893502,34.34330392049557
S32.JO,30/04/2021,35.16215066528459,0.1683693868028073,1.8384005258761569,0.5146433996583778,1.618468350423401,2357.6585280724835,77.06328516106467
S32.JO,31/05/2021,58.45954934652727,0.0006495936123465662,1.1338931755822386,0.31729798042935586,1.4608194835952346,2402.885146522697,35.16215066528459
S32.JO,30/06/2021,79.08878094751654,0.0051830050327157096,1.714179157437508,0.41565377654599434,1.1875457434594883,2553.9506596282745,58.45954934652727
S32.JO,31/07/2021,43.058840760614345,0.029327322141026735,0.7084496056166953,0.2922556638224063,1.0315006029318967,2478.3363893182086,79.08878094751654
S32.JO,31/08/2021,82.2792078922412,0.060227873291924555,1.9871878323531196,0.3531330297476014,1.251156047064497,1606.3983242006602,43.058840760614345
S32.JO,30/09/2021,43.991536946301586,-0.023351417,1.4449867100130271,0.12282437275119187,0.5100361463299765,1915.2214616869587,82.2792078922412
S32.JO,31/10/2021,83.43429799955778,-0.034028548,1.464082116224165,0.19804885636919647,1.2161701066136523,1921.0248232739614,43.991536946301586
S32.JO,30/11/2021,41.38459181411347,0.030800419956092673,0.5110115983208416,0.10383201632461267,0.6286032136527866,1555.0820437512318,83.43429799955778
S32.JO,31/12/2021,35.94141647718803,-0.031398773,2.105171359159626,0.3860243216846504,1.0690015889346247,1940.2332348121824,41.38459181411347
S32.JO,31/01/2022,81.2464545688049,-0.011044736,0.674185533591543,0.4085332580589006,0.4707575902149021,2017.8347142025382,35.94141647718803
S32.JO,28/02/2022,57.90765662947949,0.1559778836398115,1.4870931606802373,0.45112938301583216,1.7892252584986055,1697.2336798469723,81.2464545688049
S32.JO,31/03/2022,45.11023390357357,-0.011898374,1.3436563570776627,0.3055105376327729,1.6614165038348323,2571.048966700285,57.90765662947949
S32.JO,30/04/2022,63.43478677498871,-0.041719549,2.147580768442589,0.5775302557424945,1.5317974238253398,1502.3476577872093,45.11023390357357
S32.JO,31/05/2022,65.00207536008739,-0.132102616,1.0152144406674437,0.12976235017388585,1.2056931794240817,2529.8848702389105,63.43478677498871
S32.JO,30/06/2022,36.29682009362478,-0.015656391,1.412473017911084,0.2845265108804583,0.48153750072778956,2128.4216852812133,65.00207536008739
S32.JO,31/07/2022,71.314792629463,-0.125147317,0.6603600281638069,0.2773856459179921,1.7125885674283876,2502.8589700843713,36.29682009362478
S32.JO,31/08/2022,67.32684761699107,-0.023328003,1.6873215824170769,0.1050655920138717,1.2541440696143134,2869.9304213643554,71.314792629463
S32.JO,30/09/2022,63.691540758965054,0.15579450771322076,1.9479461109321876,0.16027920820184513,1.6536799609287627,1599.6657665336622,67.32684761699107
S32.JO,31/10/2022,59.36821099012701,-0.100252007,0.5234132214618081,0.3110171300638195,0.7425610614812344,2229.0007406964046,63.691540758965054
S32.JO,30/11/2022,61.74599377040029,-0.134691325,0.7460065902474913,0.3793211982252127,0.8147510297589873,2593.7602313241723,59.36821099012701
S32.JO,31/12/2022,65.87604067255668,0.1459615270464674,1.8849856533384506,0.31496553869507404,1.3094499335916485,1913.0717613831278,61.74599377040029
S32.JO,31/01/2023,46.84724243280169,0.12614480597227765,1.3928390328031643,0.4991901702591762,1.5336335605024176,2786.343506491926,65.87604067255668
S32.JO,28/02/2023,80.4149379712664,0.0008448271796536733,1.1377336366422777,0.3910993732970569,0.8567586351564414,2401.6112502003493,46.84724243280169
S32.JO,31/03/2023,68.80722244541036,0.09094175647224789,1.2491057740402427,0.18343010084937642,0.9457940076933113,1713.8912161228632,80.4149379712664
S32.JO,30/04/2023,78.95533693510946,-0.028942889,0.8089194944466476,0.11272387995287544,1.2687335794297263,2455.3534761821147,68.80722244541036
S32.JO,31/05/2023,48.73322916197104,-0.124900839,1.319257789790464,0.2556087475316968,1.315680959602514,2408.6688741790354,78.95533693510946
S32.JO,30/06/2023,50.0526550508647,-0.073737606,2.476071932311184,0.3270008105980574,1.3324113536703557,1710.8294513675412,48.73322916197104
S32.JO,31/07/2023,56.707433481266875,-0.140362148,1.5109102358209,0.5820087035588511,0.8763100694787003,1558.4940188623673,50.0526550508647
S32.JO,31/08/2023,31.702568500563896,-0.014204634,0.8200498729263881,0.11167604816409296,1.4343204209252653,2187.784513322836,56.707433481266875
S32.JO,30/09/2023,45.908462458496,0.16502911405576823,0.7322779204010512,0.5779594144776596,0.7709500760660293,2832.6055084630216,31.702568500563896
S32.JO,31/10/2023,63.16185820637038,0.1393475759095206,2.4680263264209286,0.24420271890937287,1.7417032281113896,2084.2228423536308,45.908462458496
S32.JO,30/11/2023,51.20315476053072,-0.030864514,1.5828152146951704,0.17707252158924355,1.1305672280370167,2312.557218615006,63.16185820637038
S32.JO,31/12/2023,71.90459969326784,0.14177748667815496,1.380882700624848,0.2511666246757469,0.6890023459756417,1791.935755057308,51.20315476053072
S32.JO,31/01/2024,33.170617020946366,-0.030143207,1.0404953842615665,0.5832086929332037,1.136563239375066,2020.9155585457613,71.90459969326784
S32.JO,29/02/2024,61.92571805465328,-0.101281155,1.3880874984044058,0.41311716071053195,1.033346747688677,2102.6682009814863,33.170617020946366
S32.JO,31/03/2024,84.6616613894834,0.15811016675212444,1.7468119163188802,0.38468868059114136,1.2309907197368761,1801.9681617336498,61.92571805465328
S32.JO,30/04/2024,51.73257587953752,-0.136189163,1.4510920749736533,0.3715122919788316,0.6416246041548144,2946.0432707482705,84.6616613894834
S32.JO,31/05/2024,80.02000360154831,0.10275013240956707,1.5667732575307252,0.5349845798238425,0.49597851573519436,2685.7646914123275,51.73257587953752
S32.JO,30/06/2024,36.865144768176656,0.12797373189229186,1.051535136502714,0.5385452905090945,1.7160631407380968,1723.1939541076736,80.02000360154831
S32.JO,31/07/2024,55.447158278596646,0.1933455823569398,1.4668148719462932,0.5317737612572726,1.1830972831969797,2062.994861879403,36.865144768176656
S32.JO,31/08/2024,45.718095553922865,-0.078871918,2.0235963827553944,0.2932702534115139,1.0669131933011267,2238.488220001773,55.447158278596646
S32.JO,30/09/2024,61.75034660782222,0.15295200096859327,2.461478687166859,0.3037921042869085,1.5412783831594548,2646.7916919820764,45.718095553922865
S32.JO,31/10/2024,61.54409233005653,0.18461650026417656,0.9009490310568056,0.1546321051548107,1.5809429504331332,2158.7247249506227,61.75034660782222
S32.JO,30/11/2024,76.58328698138833,0.1625815718183952,0.6249151872381429,0.5417323814930304,0.9724785830541334,2265.6487335063484,61.54409233005653
S32.JO,31/12/2024,64.46258811012656,0.17423391235553035,0.5382321888595281,0.3384217341589085,1.331583063645841,2584.0604365473428,76.58328698138833
S32.JO,31/01/2025,68.08928373454094,-0.102947705,1.0987911767433625,0.27935776270850676,1.5066558115192576,1918.1398086218296,64.46258811012656
S32.JO,28/02/2025,41.58877301269617,0.18510680666333365,0.5177265702269378,0.5989104278409891,1.3152319482860935,2742.703949173676,68.08928373454094
S32.JO,31/03/2025,46.204066799040625,-0.144989653,1.97573903712306,0.5170722985003379,1.4107141979302786,1714.275430951258,41.58877301269617
S32.JO,30/04/2025,71.4385357241333,0.1191229737376743,1.8170810313401098,0.4830579663977931,1.5688821595165983,2420.4061713561878,46.204066799040625
S32.JO,31/05/2025,34.87325926833235,0.020669733383523792,0.6552986693432101,0.3037715155162154,0.9106597336884414,1599.0147662103623,71.4385357241333
S32.JO,30/06/2025,49.18512936832136,-0.111150665,2.1164704200184445,0.5738440129822354,0.4084747128869079,2932.672810937552,34.87325926833235
S32.JO,31/07/2025,58.74171296352098,-0.045152013,0.653724150552327,0.3503121340352089,1.4917733167361231,2560.629715900047,49.18512936832136
S32.JO,31/08/2025,32.76243063051856,-0.124484358,1.3057465652652742,0.24764524702397164,0.6485764845840718,1921.5067483630705,58.74171296352098
S32.JO,30/09/2025,74.19155088132865,0.17522981877114888,1.3102053890551328,0.5530555010662486,0.7822435518718229,2214.655479515687,32.76243063051856
S32.JO,31/10/2025,42.43159487987998,0.07416661476154537,2.457962230349618,0.4017465480216893,0.8367211261703233,2471.7261689857924,74.19155088132865
S32.JO,30/11/2025,36.76063731559631,0.16103067809288948,1.5061679015596727,0.32467487101982107,1.1787971826802788,2437.175794184104,42.43159487987998
S32.JO,31/12/2025,33.94766934245822,0.08891602742819082,0.9838633606310592,0.45697631625329493,1.5338021915762952,2705.9377613287807,36.76063731559631
KIO.JO,31/01/2014,60.3875532074339,0.032059462308762915,0.7857519226788234,0.4876730752015678,0.7071140706700716,2245.04313422692,
KIO.JO,28/02/2014,45.63507511101342,-0.103160073,1.7591153937834731,0.12716601741145192,1.4229678511893,1976.380192891675,60.3875532074339
KIO.JO,31/03/2014,30.007408115246694,0.028895198733030425,0.5937038170552063,0.23808477891044974,1.3604647311835742,1594.034432432799,45.63507511101342
KIO.JO,30/04/2014,76.16361707958012,-0.148663027,0.9936477384038045,0.4704520280760357,0.7744052245939601,1652.8385820990202,30.007408115246694
KIO.JO,31/05/2014,49.81286553402353,-0.05536235,2.18542380432111,0.2566739587925716,1.483398707664011,2837.808217216102,76.16361707958012
KIO.JO,30/06/2014,53.85995807670912,0.16848010034903718,1.2546361079263857,0.5820392082450541,0.4339342867883594,2530.528899754864,49.81286553402353
KIO.JO,31/07/2014,57.15977222513108,-0.014322918,1.7654237574972018,0.4519285458171656,0.3065449044754636,1750.4296331207981,53.85995807670912
KIO.JO,31/08/2014,69.21753278488754,0.08323489475237225,2.4320950102573544,0.4805188951253915,1.726159061597007,2553.8107523022104,57.15977222513108
KIO.JO,30/09/2014,46.39287147516937,-0.113122277,2.0636477266898714,0.42207461073795793,0.37227901858994433,2040.0756988514675,69.21753278488754
KIO.JO,31/10/2014,82.62398985163574,0.025140400998570428,1.3654582720394093,0.328849802579647,0.6133240860077456,2053.0607562971927,46.39287147516937
KIO.JO,30/11/2014,50.33972907929471,-0.131675743,2.0351352570358365,0.3082522159519395,1.533269830224635,2775.522001679843,82.62398985163574
KIO.JO,31/12/2014,41.659673008426196,0.080073718759545,1.4445636083259634,0.5400783689607426,0.6236110187646812,2516.7198004650663,50.33972907929471
KIO.JO,31/01/2015,63.42636672389974,-0.046644483,0.7732018073023452,0.42581988023863826,1.407896187198496,1973.441015645025,41.659673008426196
KIO.JO,28/02/2015,65.46579322122726,-0.011704182,1.9264137665652354,0.19960763744702656,1.6353225039542616,1931.1143946983696,63.42636672389974
KIO.JO,31/03/2015,50.228229326588405,-0.129667817,0.7230244246425528,0.35793095135616404,0.7013890150919573,2753.2203386132915,65.46579322122726
KIO.JO,30/04/2015,30.80813637602246,-0.017317083,1.1746910935381853,0.10966381545880052,0.4865525985007653,2120.4640123779527,50.228229326588405
KIO.JO,31/05/2015,57.10755214460956,-0.008498588,1.5618753568241877,0.3975658374528408,0.31488573169175343,2196.142739180256,30.80813637602246
KIO.JO,30/06/2015,82.99245824881736,0.03166129804534204,1.8550845349179064,0.25593192895844163,1.4609870672291438,2659.3822228141726,57.10755214460956
KIO.JO,31/07/2015,58.67128262097764,0.19160483814772475,0.7511004295253068,0.1084738324447905,1.4552373176356441,2710.733306047324,82.99245824881736
KIO.JO,31/08/2015,36.611397601631694,-0.057046008,0.5351047267332578,0.24665430539028235,1.4597128108780073,2276.9407915688685,58.67128262097764
KIO.JO,30/09/2015,49.14525762425585,-0.019891247,0.5027072514309363,0.24990026378261795,1.2696881124568957,2961.291665724536,36.611397601631694
KIO.JO,31/10/2015,76.58834548411447,-0.141741762,2.2971212093496787,0.491599206649313,1.4705641853564706,2186.993638505357,49.14525762425585
KIO.JO,30/11/2015,51.89029111249766,-0.043979495,0.6313897179087316,0.21411768174684956,0.6699054524670369,2226.1156045653024,76.58834548411447
KIO.JO,31/12/2015,71.10944236281817,0.015833439939281296,0.6156888988943212,0.578894900494102,1.7140864786411685,2677.7843147226126,51.89029111249766
KIO.JO,31/01/2016,84.52303458603214,0.04056881648009203,2.425536700506412,0.1378025203083754,0.848521122392057,1838.0719020101487,71.10944236281817
KIO.JO,29/02/2016,40.77081962738485,-0.100718968,1.7448272831319933,0.49066092787365256,1.167447599130541,1720.4440643823145,84.52303458603214
KIO.JO,31/03/2016,74.6118073463409,0.07258414750730496,1.276331412253991,0.4370651477680315,0.6898574688642493,2017.7883127413156,40.77081962738485
KIO.JO,30/04/2016,80.46172137225946,-0.048323423,1.4399765363158732,0.5450705686980073,1.3615820254012914,1593.3048392470541,74.6118073463409
KIO.JO,31/05/2016,38.10166743534337,-0.147255443,1.7618435804583268,0.3238367127052092,0.5014122763534132,2936.9011815851554,80.46172137225946
KIO.JO,30/06/2016,59.13128481700909,-0.065337347,1.501207142309415,0.4398101663675539,0.4143588269603467,1912.055722571838,38.10166743534337
KIO.JO,31/07/2016,74.38310199861965,0.01088270464093144,1.5931542840645898,0.31640800110473466,0.36584991396450767,1748.624669730234,59.13128481700909
KIO.JO,31/08/2016,54.504790130804,-0.076785087,0.5999580573193575,0.5218248320259119,1.7717887937461738,2689.7143109951094,74.38310199861965
KIO.JO,30/09/2016,76.95817069375668,-0.065308004,2.4212539510263995,0.1984628522267142,1.7271447155427484,2992.2289409489267,54.504790130804
KIO.JO,31/10/2016,69.14475431603267,0.19340030612713763,1.6390795591342073,0.22977089158804517,0.9554938284984313,2390.341403068179,76.95817069375668
KIO.JO,30/11/2016,34.01948591148582,0.06782014261603614,2.462355673524589,0.19505382489186382,1.488892674432575,2861.8481906694287,69.14475431603267
KIO.JO,31/12/2016,81.90358760511214,0.18604746154190652,1.5429192774429439,0.5886539539957518,1.4359653107016583,1742.507154355443,34.01948591148582
KIO.JO,31/01/2017,56.22950585573835,0.10141591138020137,0.9946806316381667,0.42030759177444366,1.299900718569929,1744.049615712849,81.90358760511214
KIO.JO,28/02/2017,61.079692184901596,0.12006941884251268,1.4977913290718838,0.10605155838805372,0.31355770361893825,2035.5440159550183,56.22950585573835
KIO.JO,31/03/2017,80.94067376374801,-0.069963127,1.7687273777433743,0.2110379353466603,0.7825049844893229,2772.063134402226,61.079692184901596
KIO.JO,30/04/2017,70.08737932484708,-0.116610253,1.3574040419728672,0.11458488182263224,1.0213352199045136,2493.6510175516023,80.94067376374801
KIO.JO,31/05/2017,36.517644297898336,-0.048890271,1.2956732510043139,0.5597655123280249,1.7898825231344462,1567.3669484934237,70.08737932484708
KIO.JO,30/06/2017,71.85543579224657,-0.019896577,1.28491637245896,0.4771324866735114,1.677639648218113,2926.3928917538224,36.517644297898336
KIO.JO,31/07/2017,61.74174223210764,-0.025007594,2.0750981717175585,0.22550069163115014,1.1461110432502766,2037.8676922873096,71.85543579224657
KIO.JO,31/08/2017,66.11470905393318,-0.06586038,0.8831858914696515,0.5591195433377185,0.45270552442430534,2258.9368616023976,61.74174223210764
KIO.JO,30/09/2017,42.14690306296549,-0.136374513,0.5720376365828528,0.18761088605291368,1.6001555317590004,1923.71811596554,66.11470905393318
KIO.JO,31/10/2017,82.27525438164126,0.053567802546217735,1.3732283795375322,0.3900444173347273,1.0750475778394017,2638.164380635988,42.14690306296549
KIO.JO,30/11/2017,45.53728362850687,-0.026432363,2.2881886050665017,0.5732282565752027,1.638837341229712,2129.1719909359704,82.27525438164126
KIO.JO,31/12/2017,72.9201026653785,0.016717506655384573,1.4950797042922044,0.20234005452864198,1.1866954548877746,1779.2038466300219,45.53728362850687
KIO.JO,31/01/2018,48.23605844869566,0.1492605705669773,0.9141516184217104,0.1355791425867164,0.40351138891922445,2911.176780754662,72.9201026653785
KIO.JO,28/02/2018,57.880624087900905,-0.006705775,2.121757162015837,0.517912963955258,0.7982865496734068,2540.427086210693,48.23605844869566
KIO.JO,31/03/2018,72.41175487185376,0.07912774040308407,0.8031901496001987,0.5379415417585285,1.108641829104013,1923.7086395550054,57.880624087900905
KIO.JO,30/04/2018,53.38755019907316,-0.136850118,0.7557336024448351,0.4827733752579304,0.3000174521330492,2124.848742723438,72.41175487185376
KIO.JO,31/05/2018,58.738059959707364,-0.130877953,2.4461563259446657,0.21306266562483597,0.7562980794544213,1955.913768382541,53.38755019907316
KIO.JO,30/06/2018,42.67291641645424,-0.149484162,1.9586895881759927,0.5834227498996427,0.6364402249275676,2494.5707877051336,58.738059959707364
KIO.JO,31/07/2018,70.80429798272934,0.14694888268168363,1.3452583940272183,0.2514654528202146,0.7879427010345467,2568.9319996477693,42.67291641645424
KIO.JO,31/08/2018,74.92287065780998,-0.086435111,1.2418820163155304,0.550970098374575,1.5100402795421088,2977.287604143714,70.80429798272934
KIO.JO,30/09/2018,71.48365428251444,-0.01238168,1.6812756679892755,0.4305071271236601,0.4176837244756859,2316.7454386557974,74.92287065780998
KIO.JO,31/10/2018,69.01264556599352,-0.091437544,2.0612634348511145,0.39188639025705585,1.728332678546392,1563.6334473103375,71.48365428251444
KIO.JO,30/11/2018,44.592937565550685,0.060543857754938424,1.0931198244118614,0.45721208203562114,1.4385079237828966,1653.7739460997118,69.01264556599352
KIO.JO,31/12/2018,58.26199553137222,0.028111694456869563,1.2385615404310821,0.5664624312848361,1.5412594798098318,2545.814072864455,44.592937565550685
KIO.JO,31/01/2019,69.28796496542486,0.011600650334591678,2.341989042193152,0.4472977136266427,1.3934715924837247,2792.536355681018,58.26199553137222
KIO.JO,28/02/2019,45.0739374138205,0.13247481635334604,0.8904812059129841,0.27267097612244395,0.8034156814047642,2967.7882025837107,69.28796496542486
KIO.JO,31/03/2019,77.10954730613598,0.09540945155659089,1.9541135232307802,0.38103639720128557,1.7206360006627788,2244.388129323542,45.0739374138205
KIO.JO,30/04/2019,50.9284740428442,-0.092937632,2.0724113045221157,0.46722196603779576,0.8765325577862024,1537.790120938844,77.10954730613598
KIO.JO,31/05/2019,76.14485302449059,-0.146003706,1.907399559258102,0.5851285548630285,0.9564919922223052,1852.4601074939292,50.9284740428442
KIO.JO,30/06/2019,68.767905552386,0.1359948497054548,1.5928606321556946,0.5835176376280731,0.37750308248694164,2257.1933974567924,76.14485302449059
KIO.JO,31/07/2019,69.51496710274026,0.15192416490221264,0.8585112238155801,0.5000017408818407,1.1290606135778178,2094.8305229849448,68.767905552386
KIO.JO,31/08/2019,37.244326571850145,0.15285351561811936,0.8145464163594307,0.2548939296045496,0.7350682979436554,2807.1210512862817,69.51496710274026
KIO.JO,30/09/2019,66.99866468148939,0.12883848901698028,1.000935797584998,0.4124370498034995,1.1576189747156231,2749.2455651824066,37.244326571850145
KIO.JO,31/10/2019,79.83478832646932,-0.14574513,1.8480398381175853,0.12591789955986452,1.123287997616034,1931.4490935655174,66.99866468148939
KIO.JO,30/11/2019,46.87271297371777,-0.026464524,1.7425848980992202,0.2670249828343846,1.3990485758854205,2106.7910783608045,79.83478832646932
KIO.JO,31/12/2019,33.75942601704772,0.1243159448694375,1.071516649185412,0.31638343979963135,1.3281658248328523,1998.684235723068,46.87271297371777
KIO.JO,31/01/2020,33.11221108806936,-0.019127634,2.388897165388607,0.42086719864927913,1.3072187230008103,2448.42323045646,33.75942601704772
KIO.JO,29/02/2020,40.94456764276902,-0.003583148,2.0018795967266367,0.15068644877657958,0.7167791641345684,1914.4786626987805,33.11221108806936
KIO.JO,31/03/2020,53.761041017697835,0.19312905932976474,0.6350050933676439,0.35935049719029755,0.5690470230183157,2956.014818114616,40.94456764276902
KIO.JO,30/04/2020,36.23169276001053,-0.008739649,1.9757699696692124,0.4522772140137227,0.9340929553408983,2019.7862519290775,53.761041017697835
KIO.JO,31/05/2020,51.86868082040788,-0.057503308,0.9106658774135996,0.34151984877944497,0.702800634101411,1931.1924973458752,36.23169276001053
KIO.JO,30/06/2020,66.12158349110064,0.18898806609496224,1.7072744011187502,0.13848973353248314,0.41337542078110046,2927.134831268349,51.86868082040788
KIO.JO,31/07/2020,46.35099346690335,-0.117776555,1.6980891743007631,0.4118243891451331,1.2727572301780323,1901.103041786312,66.12158349110064
KIO.JO,31/08/2020,30.831087631796127,0.18775537930906513,1.001786091382205,0.4380131440262738,1.3599448048180645,2415.0111256192286,46.35099346690335
KIO.JO,30/09/2020,47.20990668175065,-0.055116311,1.6953365654054062,0.5330478168058458,1.7201005933850935,1658.8587066056364,30.831087631796127
KIO.JO,31/10/2020,38.51557369287459,0.18065769057407785,1.9730704566695851,0.5414969124148865,0.6039489512030147,2381.3788066641027,47.20990668175065
KIO.JO,30/11/2020,68.56267769296105,0.08803915990644043,1.3163033817333962,0.10769744584565424,1.1743890852063947,1879.6523087694131,38.51557369287459
KIO.JO,31/12/2020,54.76398353785897,0.18515335527933605,1.2980706352848694,0.5199008033322133,0.5828109086238766,2508.690747037543,68.56267769296105
KIO.JO,31/01/2021,83.73538249414189,-0.114337415,0.516639884454384,0.31679139631630715,0.4389382245770508,2622.576524514347,54.76398353785897
KIO.JO,28/02/2021,80.30017651167074,0.001907340448065592,1.017423284310882,0.3172016595033049,1.3851717267750014,1513.5812423705565,83.73538249414189
KIO.JO,31/03/2021,62.419969421658344,0.06465208971058267,1.775376493791871,0.2210110399904386,1.3710790850671901,1637.0872294976646,80.30017651167074
KIO.JO,30/04/2021,40.959868505674045,0.15711451632906867,1.9774463014531327,0.10687277700567263,0.6725643905547003,1821.609724489747,62.419969421658344
KIO.JO,31/05/2021,44.89434804203349,-0.06335408,0.6250525914856915,0.32947025829841015,1.3991002121792477,2410.0975870761545,40.959868505674045
KIO.JO,30/06/2021,67.00794177289438,-0.121597788,2.4029814203535746,0.5192459169215125,1.5076354777434942,2734.475707562651,44.89434804203349
KIO.JO,31/07/2021,81.29907794730187,0.04048888813979418,0.9005640357352518,0.4083918039262706,1.4143222405019085,2606.876090031038,67.00794177289438
KIO.JO,31/08/2021,58.679696329178405,-0.126039448,1.2422258768602557,0.5603833042316787,1.1766733646361391,2307.49791488357,81.29907794730187
KIO.JO,30/09/2021,44.78694329102064,-0.021042878,2.2906921783063385,0.4332315237634179,1.4810805401284994,2181.5181346014824,58.679696329178405
KIO.JO,31/10/2021,64.66359707008868,-0.063065737,1.9109216605669725,0.31380066685166863,0.9638182722221185,2473.9834868653224,44.78694329102064
KIO.JO,30/11/2021,81.49543418079097,-0.127597779,2.149486474694015,0.24619155520609656,0.9658791817595667,1532.8699931625135,64.66359707008868
KIO.JO,31/12/2021,46.55753428088722,0.025920934920545674,0.612352154694878,0.3455478646915826,1.690665943287641,1658.089827161708,81.49543418079097
KIO.JO,31/01/2022,72.04424004415273,-0.006615131,1.810347429048676,0.23011829899261468,0.5392383938120374,1740.6939214068398,46.55753428088722
KIO.JO,28/02/2022,33.87705701037296,-0.085023653,1.8284387699779365,0.5408453059217541,1.5211885283867428,2527.701464811726,72.04424004415273
KIO.JO,31/03/2022,36.07375248761065,-0.048784394,1.119613750644938,0.22497847319881062,1.0725084895645847,2303.330722319509,33.87705701037296
KIO.JO,30/04/2022,49.62872863441106,-0.026173794,2.1571111958121625,0.49464642415984283,0.7616937475211185,2870.682665809889,36.07375248761065
KIO.JO,31/05/2022,82.40482593513784,-0.03564011,1.2088498975861097,0.3528170767109794,1.7116812188005104,2814.4791497134675,49.62872863441106
KIO.JO,30/06/2022,35.64123794209744,-0.01254424,1.6067423794995437,0.35156623627577,0.590794601905339,2788.225156752232,82.40482593513784
KIO.JO,31/07/2022,67.23174306482605,0.14326793119813122,2.2175285586989446,0.47417792683286986,0.9588159018745761,2415.8201325231366,35.64123794209744
KIO.JO,31/08/2022,38.820097336585874,0.08577589611621769,0.8585065114785615,0.44697479525507844,0.644397241130953,1676.32695022533,67.23174306482605
KIO.JO,30/09/2022,39.09064695786266,-0.149302753,1.9374792357070605,0.4662005245291896,1.0724000248698893,1742.0442015830756,38.820097336585874
KIO.JO,31/10/2022,34.59548856308793,-0.143304862,0.8314963539304414,0.5454277674915734,0.6623052625525226,2031.4069908258234,39.09064695786266
KIO.JO,30/11/2022,35.794001646473326,-0.072173543,1.5384491415604102,0.40387634154782626,0.6680284712493165,1586.5982388376758,34.59548856308793
KIO.JO,31/12/2022,51.506807802006925,-0.06802882,0.9391078464596039,0.5799314013567276,1.2244507288885862,2335.317664758144,35.794001646473326
KIO.JO,31/01/2023,52.8676306937827,0.00013051670055047593,1.5818100076761616,0.4482149035180536,1.3532191442727441,1757.5408615581744,51.506807802006925
KIO.JO,28/02/2023,57.50620136421448,-0.005814667,2.2410539325387684,0.41570946060918823,1.0987560996239727,1673.091963268376,52.8676306937827
KIO.JO,31/03/2023,63.31008391278763,-0.108978633,1.1744131511315041,0.17142098240716594,1.3381104705365534,1809.378170754229,57.50620136421448
KIO.JO,30/04/2023,51.552265525341426,0.16348617216657255,0.9086327667979406,0.3539025319793896,0.928907491749033,1527.1860615685946,63.31008391278763
KIO.JO,31/05/2023,73.6016962465047,-0.125833933,1.4485100419539072,0.38033914746947495,1.2426396849218806,2532.9474439618134,51.552265525341426
KIO.JO,30/06/2023,43.92998109374933,-0.146507428,1.946887324709824,0.36782829967378927,1.5541765548108732,2732.082544351041,73.6016962465047
KIO.JO,31/07/2023,76.38293922833358,0.019783130992839043,1.1672567916737313,0.49577910129568503,0.9769411695438823,1775.1632946051518,43.92998109374933
KIO.JO,31/08/2023,77.02357107588108,0.15889595687032151,1.4326195122803402,0.13784986365489374,0.8817391348753969,2705.306489193905,76.38293922833358
KIO.JO,30/09/2023,79.59757157004258,-0.07878454,0.633947224050543,0.5386752265664193,0.8841074084683129,2312.641446401345,77.02357107588108
KIO.JO,31/10/2023,83.24361966279174,-0.126702345,1.7966360149041911,0.13705271128743354,0.8632033926997507,2705.7218177901705,79.59757157004258
KIO.JO,30/11/2023,53.84097280155989,0.19901382386603264,1.6181185698932044,0.2605810763179768,0.6301669888571297,2025.7808014292427,83.24361966279174
KIO.JO,31/12/2023,50.489330056775295,-0.125950213,1.2391483988535463,0.33211925986961244,1.384106628358207,2485.094227082412,53.84097280155989
KIO.JO,31/01/2024,68.98211103760349,-0.147072711,0.9353347991610721,0.4308421441999283,1.0259840522696206,1507.9702135025188,50.489330056775295
KIO.JO,29/02/2024,74.24720533375023,0.12048335065161805,1.5968383259871253,0.13323166288813607,1.449772574298877,2375.570381597046,68.98211103760349
KIO.JO,31/03/2024,73.00779874368776,0.11311144733854414,2.1060041439156745,0.35900403320231244,0.5104867772902725,2506.736210069533,74.24720533375023
KIO.JO,30/04/2024,64.12605817785838,0.10978861551968053,0.8397620121014706,0.19748759995014462,1.6356142758289927,2624.9666976781064,73.00779874368776
KIO.JO,31/05/2024,79.95256687851776,0.11555036240737224,1.6943106119806037,0.42706636851393687,1.633691885910015,2368.2101317679108,64.12605817785838
KIO.JO,30/06/2024,64.7815228380613,-0.095233149,1.4478424402322054,0.45819855597904946,0.7064140474745482,1803.3812707868024,79.95256687851776
KIO.JO,31/07/2024,47.260474452342855,-0.06547478,0.9298252740727917,0.3124254214340435,1.6617577708253013,2260.5894701080774,64.7815228380613
KIO.JO,31/08/2024,40.335620944842766,-0.123059916,1.8923122902758505,0.29139938221819395,1.532746419878039,2489.266152961155,47.260474452342855
KIO.JO,30/09/2024,73.79327977977528,-0.054818886,1.8847178449221162,0.2320309923468594,1.7086027191754374,2454.5614223000616,40.335620944842766
KIO.JO,31/10/2024,47.84814900964382,-0.055670848,0.881853170143287,0.44732047944686393,0.6280734194968909,2392.954898891234,73.79327977977528
KIO.JO,30/11/2024,44.55492648089465,0.081689130677854,2.1298794570810786,0.4890126215723266,1.4412769963961727,1781.583608538378,47.84814900964382
KIO.JO,31/12/2024,34.86117208414853,0.09463208997058495,1.2366944275887026,0.31617311320167363,0.3467236391900866,1889.3646739125738,44.55492648089465
KIO.JO,31/01/2025,31.85220221309552,0.15771502041043664,0.986793366437061,0.378668584786504,0.3584689809916956,2500.271086958487,34.86117208414853
KIO.JO,28/02/2025,47.76650401647517,0.164271715435183,2.276236377868072,0.2626453091808739,1.6514413435357018,2994.236510248168,31.85220221309552
KIO.JO,31/03/2025,75.39786152681714,0.14570497171433014,0.9980174722181798,0.3883511994288782,0.40088387095105177,1642.3769052325047,47.76650401647517
KIO.JO,30/04/2025,84.93909366183098,-0.035676263,1.9963678240976928,0.5033325265134082,1.5870349065108438,2996.442446103235,75.39786152681714
KIO.JO,31/05/2025,43.28230668912773,-0.135877211,1.322383035989172,0.16504033491447348,0.3336388337430827,2040.6402407122291,84.93909366183098
KIO.JO,30/06/2025,73.105603809138,0.0481632419287748,1.125555978420708,0.4271710027463599,0.6480272704632161,1521.5721691081276,43.28230668912773
KIO.JO,31/07/2025,72.0394362540035,0.06831007970240319,2.0246052490019197,0.11946900834383281,1.5556794417459783,2429.289300054455,73.105603809138
KIO.JO,31/08/2025,60.98674428919521,0.06861491684008605,2.228866493736728,0.39346825327945356,1.171425569832269,2986.0187355986486,72.0394362540035
KIO.JO,30/09/2025,71.62015918877124,0.004802831907897348,1.9147940000658554,0.2946152358458942,0.6433131937252485,2395.277815331639,60.98674428919521
KIO.JO,31/10/2025,81.05001539626733,0.17519883200541195,1.1838105562109806,0.36383873311084747,0.6174538478547917,2993.446664248325,71.62015918877124
KIO.JO,30/11/2025,83.96148493273647,0.07732812539760656,2.1088281193549467,0.45755008064185,1.1897373285592023,1580.0219954833465,81.05001539626733
KIO.JO,31/12/2025,55.01203884039636,0.08617520575859366,1.8550632277673693,0.28656130921119183,1.712537979987046,1751.0355483551716,83.96148493273647
